,id,response
0,217387,1
1,217154,1
2,269369,1
3,561614,0
4,439958,0
5,260637,1
6,222766,1
7,248649,1
8,228075,1
9,401104,1
10,494107,1
11,263868,1
12,22669,1
13,276351,1
14,155672,0
15,266160,1
16,95416,1
17,372615,0
18,268861,1
19,24160,1
20,270190,1
21,555078,1
22,20567,1
23,606949,0
24,221038,1
25,475415,1
26,214101,1
27,548928,0
28,216504,1
29,254709,1
30,498485,1
31,24007,1
32,129747,1
33,257453,1
34,439614,0
35,345715,0
36,494235,1
37,488930,1
38,160402,0
39,85572,1
40,214670,1
41,268921,1
42,254347,1
43,143173,0
44,513498,0
45,264421,1
46,213753,1
47,483327,1
48,264078,1
49,472996,1
50,541167,0
51,436965,0
52,478718,1
53,135918,0
54,253819,1
55,259158,1
56,238640,1
57,576826,0
58,256675,1
59,222301,1
60,543261,0
61,321146,1
62,520037,1
63,222922,1
64,432982,1
65,101015,0
66,28698,1
67,488853,1
68,222195,1
69,270401,1
70,372982,0
71,224970,1
72,264480,1
73,254394,1
74,265433,1
75,222090,1
76,174902,0
77,211076,1
78,4479,0
79,276715,1
80,214905,1
81,222503,1
82,492200,1
83,455662,0
84,255162,1
85,575477,0
86,256827,1
87,274941,1
88,542025,1
89,158641,0
90,243000,1
91,262317,1
92,246037,1
93,487246,1
94,495968,1
95,562978,1
96,263053,0
97,272214,1
98,209926,0
99,483411,0
100,353761,0
101,137888,1
102,487288,1
103,68305,0
104,279022,0
105,260708,1
106,301126,1
107,247610,1
108,278280,1
109,377440,0
110,528511,0
111,271246,1
112,214500,1
113,23171,1
114,254772,1
115,213764,1
116,190105,0
117,259475,1
118,495623,1
119,264813,1
120,270605,1
121,18207,1
122,226158,1
123,229510,1
124,248912,1
125,55579,1
126,477016,0
127,443818,0
128,604126,0
129,273930,1
130,71571,0
131,539658,0
132,471852,1
133,85356,1
134,215004,1
135,483096,1
136,63019,0
137,217038,1
138,303490,1
139,14698,1
140,146670,1
141,255093,1
142,260890,1
143,263371,1
144,76260,1
145,218221,1
146,405035,0
147,162966,0
148,28658,1
149,248564,1
150,281034,0
151,227611,1
152,433013,1
153,535819,0
154,254122,1
155,562709,0
156,270978,1
157,16084,1
158,16174,1
159,317111,0
160,217747,1
161,21355,1
162,54025,1
163,23267,1
164,19273,1
165,264650,1
166,19546,1
167,271927,1
168,249130,1
169,19863,1
170,73081,0
171,67946,1
172,277398,1
173,265547,0
174,411544,1
175,335002,0
176,483000,0
177,122917,0
178,573644,1
179,465553,1
180,88301,1
181,263952,1
182,91513,0
183,216993,1
184,307337,0
185,627,1
186,270669,1
187,541143,0
188,67468,0
189,359931,1
190,9163,1
191,171035,0
192,293121,0
193,2635,0
194,345546,0
195,256709,1
196,245721,1
197,98415,0
198,534524,1
199,531949,0
200,225022,1
201,355686,0
202,96687,1
203,276795,1
204,254515,1
205,265126,1
206,228357,1
207,254346,1
208,23857,1
209,263266,1
210,465865,1
211,21669,1
212,223325,1
213,275832,1
214,544712,1
215,123165,1
216,520234,1
217,276129,1
218,264161,1
219,534520,1
220,506770,1
221,274007,1
222,283139,1
223,536426,1
224,488720,1
225,261216,0
226,253780,1
227,361641,0
228,265470,1
229,376320,0
230,35701,1
231,2603,0
232,213733,1
233,227335,1
234,19848,1
235,487346,1
236,266213,1
237,214134,1
238,215031,1
239,19519,1
240,20701,1
241,217072,1
242,606918,0
243,271618,1
244,513330,1
245,565938,0
246,381142,0
247,343900,1
248,261065,1
249,224928,1
250,32418,0
251,190400,0
252,508509,0
253,475440,1
254,218910,0
255,248485,1
256,166087,1
257,167810,0
258,523003,0
259,1456,1
260,382403,0
261,227515,1
262,271512,1
263,501137,0
264,600337,0
265,216352,1
266,259096,1
267,351492,0
268,23791,1
269,265088,1
270,414453,0
271,308054,0
272,80462,1
273,257647,1
274,21752,1
275,270880,1
276,290144,0
277,226293,1
278,225132,1
279,363701,1
280,22357,1
281,247598,1
282,222252,1
283,36031,0
284,487656,1
285,257510,1
286,307721,0
287,541580,0
288,225151,1
289,260244,1
290,265522,1
291,233570,0
292,136232,1
293,278099,1
294,265493,1
295,269327,1
296,468008,0
297,133876,1
298,21986,1
299,84104,1
300,264396,1
301,259162,1
302,93071,0
303,256595,1
304,487715,0
305,276354,1
306,121769,0
307,207751,0
308,412296,1
309,381097,0
310,315604,0
311,575638,0
312,254592,1
313,256587,1
314,271855,1
315,247575,1
316,109581,0
317,257375,1
318,327305,0
319,226078,1
320,223072,1
321,248905,1
322,99440,1
323,304571,1
324,302751,0
325,536483,0
326,459034,0
327,255002,1
328,225937,1
329,277719,1
330,298304,0
331,227921,1
332,494157,1
333,256084,1
334,29012,1
335,215035,1
336,19183,1
337,487308,1
338,226517,1
339,277770,1
340,518726,1
341,18665,1
342,187555,1
343,349037,0
344,249935,1
345,23385,1
346,223725,1
347,274460,1
348,76127,1
349,217093,1
350,378216,0
351,487248,1
352,138926,1
353,17667,1
354,217221,1
355,492503,1
356,494351,1
357,248488,1
358,481814,0
359,410625,0
360,18121,1
361,218295,1
362,222275,1
363,265020,1
364,227561,1
365,17635,1
366,444981,0
367,253216,1
368,494503,1
369,275818,1
370,230631,0
371,108929,1
372,21207,1
373,272090,1
374,83647,0
375,23094,1
376,223767,1
377,18981,1
378,218368,1
379,256631,1
380,139964,0
381,268423,1
382,265097,1
383,386676,0
384,274081,1
385,50574,0
386,228167,1
387,249852,1
388,403120,1
389,494532,1
390,73649,1
391,276780,1
392,253145,1
393,518991,1
394,19303,1
395,257730,1
396,539581,0
397,494323,1
398,259185,1
399,537628,1
400,326674,1
401,267361,1
402,221525,1
403,499430,1
404,482244,0
405,578272,0
406,470254,0
407,85249,1
408,214310,1
409,600059,0
410,257832,1
411,254538,1
412,256969,1
413,44275,1
414,277297,1
415,16233,1
416,256886,1
417,510802,1
418,101392,1
419,28894,0
420,606966,0
421,466157,0
422,485719,0
423,355507,1
424,256937,1
425,157162,1
426,20923,1
427,213807,1
428,603187,0
429,222873,1
430,270259,1
431,24224,1
432,225383,1
433,18122,1
434,451006,1
435,599052,0
436,249845,1
437,487299,1
438,492555,1
439,392042,0
440,491790,1
441,15492,1
442,264117,1
443,222538,1
444,223394,1
445,207139,0
446,511367,0
447,49000,1
448,23639,1
449,488897,1
450,503121,1
451,264211,1
452,254174,1
453,276284,1
454,53519,1
455,20987,1
456,30781,0
457,291113,0
458,265331,1
459,23569,1
460,270975,1
461,256703,1
462,444271,0
463,223908,1
464,20171,1
465,32847,0
466,159245,0
467,488884,1
468,62950,1
469,223375,1
470,102998,0
471,218940,0
472,278243,1
473,507286,0
474,290020,0
475,214349,1
476,271958,1
477,199398,0
478,363164,0
479,265631,1
480,262978,1
481,224977,1
482,225115,1
483,247413,1
484,274415,1
485,44323,1
486,584289,0
487,253138,1
488,214163,1
489,261063,1
490,179850,0
491,260376,1
492,491766,1
493,361232,1
494,89153,0
495,317113,0
496,213772,1
497,496131,0
498,497726,1
499,272509,1
500,483161,1
501,251609,1
502,574373,0
503,445126,0
504,508927,0
505,428946,0
506,256945,1
507,253585,1
508,432623,0
509,350911,0
510,249020,1
511,222937,1
512,225660,1
513,262748,1
514,216590,1
515,269200,1
516,215113,1
517,488264,0
518,248706,1
519,270824,1
520,223590,1
521,307006,0
522,21463,1
523,275421,1
524,57377,1
525,271906,1
526,62065,0
527,221261,1
528,24253,1
529,225734,1
530,226133,1
531,315607,0
532,227442,1
533,494451,1
534,257106,1
535,277914,1
536,277275,1
537,228080,1
538,212838,1
539,401860,0
540,381094,0
541,15504,1
542,553530,1
543,503700,1
544,265523,1
545,158748,0
546,399537,1
547,544037,0
548,218352,1
549,92011,0
550,516304,0
551,275066,1
552,74145,1
553,54358,0
554,22390,1
555,217919,1
556,19196,1
557,270804,1
558,191135,0
559,344611,1
560,351144,1
561,257684,1
562,267391,1
563,257872,1
564,222946,1
565,223336,1
566,221841,1
567,249126,1
568,15412,1
569,570814,0
570,226382,1
571,49974,0
572,372049,1
573,229901,1
574,494502,1
575,206749,0
576,67255,0
577,222779,1
578,250315,0
579,276828,1
580,259727,1
581,542806,0
582,275566,1
583,483130,1
584,533323,1
585,21835,1
586,275373,1
587,22828,1
588,505661,1
589,345843,0
590,500348,1
591,69189,1
592,265857,1
593,265211,1
594,612248,0
595,528420,1
596,264490,1
597,398782,1
598,587046,0
599,255293,1
600,20955,1
601,213000,1
602,183134,1
603,211416,1
604,247482,1
605,95865,0
606,302099,0
607,255001,1
608,249077,1
609,264021,1
610,391662,0
611,129576,1
612,497355,1
613,263608,1
614,494069,1
615,249621,1
616,536642,1
617,236229,0
618,55289,1
619,354474,0
620,494449,1
621,223287,1
622,276340,1
623,249058,1
624,225090,1
625,51215,0
626,605500,0
627,10076,1
628,264519,1
629,84461,1
630,590784,0
631,221838,1
632,225901,1
633,222334,1
634,213983,1
635,13334,0
636,281022,1
637,277863,1
638,122372,1
639,261425,1
640,273918,1
641,553179,1
642,20928,1
643,214822,1
644,225612,1
645,24233,1
646,249998,1
647,260112,1
648,545595,1
649,257427,1
650,598981,0
651,172316,0
652,20861,1
653,258225,1
654,247351,1
655,470252,0
656,333907,1
657,218531,1
658,224935,1
659,244248,0
660,15753,1
661,508893,1
662,494421,1
663,271598,1
664,244801,0
665,404586,0
666,29809,1
667,31286,1
668,315309,0
669,195349,1
670,268714,1
671,22599,1
672,227657,1
673,466163,1
674,222276,1
675,500014,0
676,494554,1
677,492459,1
678,255870,1
679,226658,1
680,227027,1
681,524542,0
682,390965,1
683,271015,1
684,259521,1
685,247649,1
686,247620,1
687,22742,1
688,2634,0
689,263874,1
690,570414,1
691,62880,1
692,525199,0
693,255807,1
694,228304,1
695,494419,1
696,322917,1
697,75386,0
698,217568,1
699,494578,1
700,443893,0
701,72351,1
702,23445,1
703,108834,1
704,190011,0
705,487554,0
706,483238,1
707,250147,1
708,257380,1
709,217286,1
710,76044,1
711,260915,1
712,21150,1
713,335513,0
714,248204,1
715,55440,1
716,221948,1
717,220905,0
718,253679,1
719,278266,1
720,494537,1
721,259900,1
722,221842,1
723,487155,1
724,254620,1
725,213774,1
726,251523,1
727,216655,1
728,250723,1
729,307730,0
730,268821,1
731,262075,0
732,515319,0
733,214577,1
734,304703,1
735,372018,1
736,277449,1
737,257673,1
738,294199,0
739,219072,1
740,217031,1
741,106444,0
742,541304,0
743,254505,1
744,262966,1
745,355166,0
746,83773,1
747,214003,1
748,229915,1
749,370500,0
750,218015,1
751,534828,0
752,274169,1
753,361286,0
754,213029,1
755,239542,1
756,250197,1
757,491823,1
758,259249,1
759,214254,1
760,13396,0
761,225107,1
762,585864,0
763,253153,1
764,260144,1
765,162151,0
766,269787,1
767,255374,1
768,487225,1
769,317201,0
770,608534,0
771,212592,1
772,74146,1
773,21590,1
774,334538,0
775,412673,0
776,399987,0
777,92546,0
778,261161,1
779,270449,1
780,326078,1
781,222661,1
782,277418,1
783,260826,1
784,270408,1
785,486412,1
786,262579,1
787,249496,1
788,10105,1
789,326861,0
790,264445,1
791,410523,0
792,33720,1
793,576059,0
794,223382,1
795,222856,1
796,223808,1
797,605668,0
798,153373,0
799,35295,1
800,276261,1
801,254828,1
802,260590,1
803,262772,1
804,512351,0
805,137632,1
806,316461,0
807,116139,0
808,495490,1
809,267292,1
810,364002,1
811,76088,1
812,317026,0
813,544949,0
814,391637,1
815,21251,1
816,382277,1
817,611466,0
818,544940,0
819,263959,1
820,515686,0
821,443950,0
822,204073,1
823,277971,1
824,260250,1
825,263188,1
826,153575,0
827,176216,0
828,100220,0
829,330,1
830,536777,1
831,274396,1
832,386510,0
833,94486,1
834,286072,0
835,248563,1
836,222354,1
837,137962,1
838,272163,1
839,377464,1
840,50446,0
841,20442,1
842,275997,1
843,416685,0
844,535752,0
845,73768,0
846,23258,0
847,596875,0
848,279945,0
849,257455,1
850,446208,0
851,491729,1
852,213588,1
853,264150,1
854,361324,1
855,388243,0
856,18395,1
857,296881,1
858,334543,0
859,49765,1
860,225694,1
861,392693,0
862,154324,1
863,145847,1
864,304725,0
865,507493,0
866,251553,1
867,226116,1
868,333471,1
869,85742,1
870,231032,1
871,543923,0
872,54782,0
873,332942,0
874,277615,1
875,603,0
876,265317,1
877,5542,0
878,214825,1
879,255260,1
880,259586,1
881,172125,0
882,53874,0
883,553487,1
884,18027,1
885,355831,0
886,146462,0
887,198141,0
888,13649,1
889,258013,1
890,247661,0
891,576966,0
892,257797,1
893,508542,0
894,483095,1
895,263259,1
896,256850,1
897,294948,1
898,217001,1
899,67911,0
900,259499,1
901,274177,1
902,536786,1
903,70377,1
904,222943,1
905,350219,0
906,22544,1
907,277527,1
908,488494,1
909,220475,1
910,263765,1
911,225252,1
912,351287,1
913,275301,1
914,391646,0
915,74762,0
916,224969,1
917,261176,1
918,225496,1
919,548037,0
920,251074,1
921,72513,0
922,29862,1
923,222934,1
924,127076,0
925,277568,1
926,264574,1
927,356490,0
928,327460,0
929,22399,1
930,272352,0
931,214081,1
932,249849,1
933,479569,0
934,200006,0
935,563320,0
936,21517,1
937,480155,1
938,223956,1
939,275743,1
940,267201,0
941,95537,0
942,375289,0
943,35056,1
944,248610,1
945,491775,1
946,528533,0
947,412081,0
948,314964,0
949,526173,0
950,363584,1
951,481963,0
952,96176,0
953,76039,0
954,255965,1
955,216525,1
956,236086,1
957,212740,1
958,335664,0
959,68183,0
960,247483,1
961,266607,1
962,277415,1
963,212851,1
964,271456,1
965,451542,0
966,275053,1
967,76119,0
968,336099,0
969,539145,0
970,226055,1
971,12917,1
972,256095,1
973,217315,1
974,253082,1
975,325026,1
976,264094,1
977,575245,0
978,179300,1
979,262114,1
980,588555,1
981,217179,1
982,218001,1
983,218222,1
984,225856,1
985,21657,1
986,262786,1
987,374424,0
988,466013,0
989,275290,1
990,297171,0
991,257665,1
992,223290,1
993,212890,1
994,202510,1
995,486089,0
996,23742,1
997,260563,1
998,385986,1
999,226106,1
1000,275581,1
1001,565197,1
1002,249569,1
1003,266414,1
1004,254888,1
1005,481993,0
1006,21436,1
1007,264846,1
1008,259450,1
1009,271736,1
1010,266416,1
1011,413463,0
1012,585069,0
1013,374455,0
1014,553526,1
1015,571133,0
1016,225067,1
1017,274086,1
1018,297638,1
1019,274783,1
1020,533192,0
1021,249436,1
1022,222953,1
1023,217065,1
1024,217698,1
1025,492447,1
1026,511488,0
1027,430750,0
1028,422104,0
1029,256093,1
1030,267152,0
1031,223911,1
1032,569244,0
1033,361233,1
1034,534498,0
1035,316089,0
1036,586499,0
1037,277260,1
1038,267147,0
1039,468418,0
1040,299398,0
1041,223106,1
1042,23553,1
1043,372569,1
1044,255004,1
1045,534066,0
1046,218911,0
1047,454189,0
1048,215043,1
1049,227920,1
1050,249067,1
1051,217243,1
1052,515479,1
1053,259506,1
1054,269844,1
1055,228083,1
1056,321422,0
1057,257221,1
1058,275599,1
1059,267574,1
1060,251180,0
1061,316326,0
1062,529914,0
1063,260402,1
1064,263823,1
1065,212722,1
1066,17940,1
1067,271759,1
1068,226701,1
1069,249614,1
1070,326917,1
1071,98429,0
1072,223129,1
1073,253123,1
1074,278428,0
1075,214424,1
1076,527706,0
1077,36550,1
1078,453058,0
1079,492507,1
1080,363996,1
1081,271919,1
1082,452783,0
1083,260601,1
1084,570826,0
1085,21148,1
1086,49480,0
1087,216558,1
1088,487478,0
1089,260662,1
1090,250210,1
1091,31413,1
1092,396706,0
1093,266377,1
1094,544155,1
1095,1075,1
1096,217090,1
1097,217364,1
1098,23122,1
1099,257507,1
1100,512246,0
1101,63936,0
1102,223572,1
1103,223384,1
1104,260366,1
1105,92064,0
1106,260230,1
1107,272009,1
1108,443968,0
1109,213699,1
1110,454684,0
1111,2497,1
1112,264282,1
1113,247471,1
1114,30733,0
1115,527627,1
1116,221661,1
1117,322623,0
1118,263055,1
1119,248227,1
1120,264229,1
1121,321523,1
1122,227642,1
1123,223650,1
1124,22650,1
1125,262879,1
1126,17554,1
1127,381909,0
1128,248716,1
1129,103841,1
1130,259239,1
1131,444581,0
1132,542153,0
1133,263546,1
1134,548441,1
1135,192244,1
1136,118041,1
1137,49075,0
1138,190109,0
1139,491312,0
1140,215095,1
1141,375392,0
1142,525540,1
1143,165025,0
1144,255218,1
1145,230900,1
1146,262085,1
1147,223403,1
1148,496446,0
1149,400924,0
1150,257801,1
1151,223615,1
1152,153307,1
1153,69003,0
1154,273966,1
1155,217126,1
1156,234711,1
1157,2677,1
1158,220764,0
1159,216327,1
1160,218733,1
1161,257401,1
1162,316835,1
1163,374763,0
1164,28629,1
1165,382275,1
1166,221787,1
1167,375386,0
1168,498169,0
1169,170167,0
1170,68224,0
1171,31810,1
1172,30526,1
1173,178432,0
1174,152499,0
1175,494217,1
1176,11006,0
1177,493785,1
1178,277675,1
1179,580326,0
1180,49726,0
1181,223455,1
1182,260620,1
1183,71871,1
1184,596864,0
1185,19046,1
1186,257588,1
1187,531963,0
1188,49340,0
1189,226088,1
1190,278288,1
1191,226533,1
1192,30755,1
1193,259770,1
1194,222438,1
1195,371841,0
1196,377478,1
1197,493945,1
1198,263311,1
1199,339544,0
1200,90374,0
1201,215108,1
1202,75364,0
1203,543672,0
1204,465612,0
1205,343842,1
1206,222865,1
1207,575976,0
1208,247446,1
1209,271566,1
1210,260182,1
1211,275034,1
1212,218418,1
1213,280151,0
1214,275679,1
1215,212773,1
1216,217953,1
1217,276541,1
1218,128571,0
1219,494325,1
1220,256366,1
1221,229809,0
1222,154777,0
1223,248655,1
1224,233847,1
1225,222516,1
1226,217654,1
1227,258156,1
1228,108416,0
1229,28546,1
1230,555081,1
1231,570250,1
1232,221884,1
1233,274374,1
1234,288524,1
1235,93314,0
1236,225573,1
1237,24010,1
1238,284147,1
1239,492312,1
1240,232833,1
1241,593957,0
1242,544811,0
1243,261170,1
1244,256007,1
1245,436780,1
1246,259136,1
1247,263774,1
1248,277953,1
1249,372019,0
1250,316232,0
1251,67367,1
1252,275573,1
1253,15821,1
1254,606579,0
1255,488987,1
1256,258166,1
1257,250656,1
1258,460844,0
1259,20507,1
1260,259487,1
1261,494493,1
1262,283048,1
1263,107044,0
1264,226070,1
1265,259304,1
1266,31922,0
1267,21286,1
1268,386956,0
1269,552599,0
1270,249571,1
1271,225641,1
1272,296736,1
1273,548903,1
1274,32015,1
1275,275888,1
1276,235837,1
1277,276272,1
1278,443859,0
1279,505867,0
1280,214209,1
1281,67280,0
1282,270628,1
1283,23521,1
1284,275580,1
1285,266075,1
1286,269333,1
1287,335824,1
1288,256427,1
1289,61495,0
1290,223991,1
1291,215074,1
1292,425548,0
1293,162627,0
1294,345155,1
1295,278066,1
1296,261145,1
1297,316636,1
1298,487273,1
1299,265009,1
1300,591312,0
1301,541696,1
1302,266365,1
1303,167981,0
1304,212370,1
1305,265295,1
1306,188379,1
1307,310976,0
1308,388168,0
1309,234180,0
1310,270173,1
1311,247030,0
1312,262520,1
1313,234345,1
1314,610010,1
1315,494311,1
1316,28,0
1317,277967,1
1318,266205,1
1319,214881,1
1320,275785,1
1321,225796,1
1322,264226,1
1323,18219,1
1324,271224,1
1325,18,0
1326,214047,1
1327,31522,1
1328,279922,0
1329,263756,1
1330,564366,1
1331,271581,1
1332,254323,1
1333,222446,1
1334,204095,1
1335,16238,1
1336,255216,1
1337,486269,0
1338,216916,1
1339,452337,0
1340,258289,1
1341,213215,1
1342,261226,0
1343,396777,0
1344,280112,1
1345,275243,1
1346,521247,0
1347,225674,1
1348,342740,1
1349,19267,1
1350,2115,1
1351,570241,0
1352,411808,0
1353,456389,0
1354,124204,1
1355,455283,0
1356,604241,0
1357,278006,1
1358,276294,1
1359,221627,1
1360,211555,0
1361,445722,0
1362,229466,1
1363,260279,1
1364,20684,1
1365,212373,0
1366,587124,0
1367,323698,0
1368,214189,1
1369,516265,0
1370,29075,1
1371,592626,0
1372,234493,0
1373,345863,0
1374,563276,1
1375,223324,1
1376,130289,1
1377,362464,0
1378,278098,1
1379,229516,1
1380,526724,1
1381,226228,1
1382,547260,0
1383,430585,0
1384,22567,1
1385,507038,1
1386,478621,0
1387,436128,1
1388,20739,1
1389,468046,1
1390,532743,0
1391,158106,1
1392,214095,1
1393,221853,1
1394,277363,1
1395,138110,1
1396,277444,1
1397,378658,0
1398,118035,1
1399,45242,0
1400,268736,1
1401,19687,1
1402,256633,1
1403,20349,1
1404,87525,0
1405,438806,0
1406,5546,1
1407,206132,1
1408,494206,1
1409,225124,1
1410,175021,0
1411,281046,1
1412,257096,1
1413,425199,0
1414,425837,0
1415,248274,1
1416,228237,1
1417,513286,1
1418,20870,1
1419,270329,1
1420,270165,1
1421,264132,1
1422,147054,0
1423,213779,1
1424,543103,1
1425,335845,0
1426,67516,0
1427,543418,0
1428,53979,1
1429,30386,0
1430,468444,0
1431,271617,1
1432,275814,1
1433,222050,1
1434,184090,1
1435,554151,0
1436,278011,1
1437,271540,1
1438,21223,1
1439,23579,1
1440,317109,0
1441,227093,1
1442,223494,1
1443,19057,1
1444,259526,1
1445,378351,0
1446,19845,1
1447,17947,1
1448,263347,1
1449,488830,1
1450,49771,0
1451,247658,1
1452,218067,1
1453,221927,1
1454,555073,1
1455,592196,0
1456,250328,1
1457,277411,1
1458,388793,1
1459,414954,1
1460,582381,0
1461,226994,1
1462,375927,1
1463,5920,0
1464,76250,1
1465,276767,1
1466,315420,1
1467,364033,1
1468,263416,1
1469,209927,0
1470,63224,0
1471,267963,1
1472,252969,1
1473,158035,0
1474,278401,1
1475,409160,0
1476,4339,1
1477,570449,1
1478,268812,1
1479,569552,1
1480,280172,1
1481,260489,1
1482,508629,0
1483,488677,1
1484,222139,1
1485,536410,0
1486,570040,0
1487,285902,0
1488,21541,1
1489,190399,0
1490,589141,0
1491,256881,1
1492,271058,1
1493,30973,1
1494,405363,0
1495,260908,1
1496,270221,1
1497,216537,1
1498,495287,0
1499,582153,0
1500,493495,0
1501,93223,0
1502,253120,1
1503,223010,1
1504,204543,1
1505,468242,1
1506,67113,1
1507,8055,0
1508,432618,0
1509,253075,1
1510,222912,1
1511,176293,0
1512,18588,1
1513,211290,0
1514,134336,0
1515,138107,1
1516,555847,0
1517,569194,0
1518,250591,1
1519,125199,1
1520,267489,1
1521,41640,1
1522,264374,1
1523,28681,1
1524,414512,0
1525,58313,1
1526,256374,1
1527,571126,0
1528,465864,0
1529,17741,1
1530,321131,1
1531,378353,1
1532,321538,1
1533,255266,1
1534,534697,1
1535,84917,1
1536,214726,1
1537,68301,0
1538,266376,1
1539,20968,1
1540,216747,1
1541,264988,1
1542,223086,1
1543,254059,1
1544,166623,1
1545,221137,1
1546,360033,1
1547,223065,1
1548,101802,1
1549,454716,0
1550,21114,1
1551,266152,1
1552,281011,0
1553,262685,1
1554,270197,1
1555,519167,0
1556,277737,1
1557,483347,1
1558,443952,0
1559,508857,1
1560,270988,1
1561,602338,0
1562,213861,1
1563,260388,1
1564,226064,1
1565,252723,0
1566,55575,1
1567,307663,0
1568,250773,1
1569,516999,1
1570,278060,1
1571,15213,1
1572,271494,1
1573,512326,0
1574,487156,1
1575,222825,1
1576,124752,0
1577,216410,1
1578,262381,1
1579,253054,1
1580,68181,0
1581,249035,1
1582,72316,1
1583,356380,0
1584,250384,1
1585,254833,1
1586,101806,1
1587,259899,1
1588,316541,1
1589,223087,1
1590,482120,0
1591,123770,0
1592,263755,1
1593,512197,1
1594,470,1
1595,275065,1
1596,248129,1
1597,462,1
1598,76248,0
1599,210473,0
1600,262062,1
1601,139942,0
1602,265486,1
1603,310413,0
1604,223012,1
1605,468536,0
1606,83761,1
1607,362125,0
1608,361779,0
1609,330162,0
1610,351494,0
1611,257391,1
1612,263963,1
1613,532261,0
1614,439271,0
1615,604296,0
1616,586545,0
1617,3814,0
1618,216942,1
1619,476337,1
1620,450076,0
1621,216964,1
1622,217886,1
1623,21046,1
1624,316977,0
1625,531063,0
1626,263714,1
1627,3453,1
1628,257602,1
1629,277450,1
1630,256106,1
1631,303469,1
1632,529858,1
1633,216878,1
1634,260813,1
1635,491327,0
1636,249426,1
1637,287231,0
1638,278317,1
1639,391626,1
1640,467552,0
1641,488630,0
1642,268445,1
1643,449504,0
1644,564859,0
1645,270387,1
1646,137677,1
1647,271781,1
1648,212705,1
1649,272167,1
1650,183217,1
1651,190906,1
1652,476356,0
1653,264463,1
1654,8926,0
1655,515727,1
1656,288328,0
1657,558244,0
1658,178860,0
1659,231240,1
1660,250192,1
1661,267179,1
1662,11041,0
1663,247950,0
1664,55577,1
1665,257128,1
1666,608327,0
1667,276677,1
1668,22239,1
1669,270119,1
1670,108607,1
1671,565454,0
1672,221895,1
1673,21500,1
1674,249109,1
1675,224991,1
1676,254979,1
1677,251636,1
1678,544549,0
1679,494425,1
1680,7917,0
1681,403736,0
1682,257223,1
1683,265668,1
1684,274392,1
1685,40917,0
1686,263567,1
1687,256690,1
1688,262914,1
1689,256473,1
1690,254294,1
1691,487725,0
1692,471959,0
1693,92228,0
1694,481998,0
1695,275659,1
1696,250865,1
1697,67378,0
1698,28526,1
1699,453106,0
1700,217975,1
1701,326373,1
1702,17821,1
1703,183300,1
1704,254238,1
1705,325980,0
1706,570940,0
1707,570033,1
1708,44270,1
1709,257013,1
1710,268673,1
1711,505530,0
1712,535953,0
1713,452455,1
1714,29395,0
1715,268653,1
1716,492525,1
1717,219178,0
1718,276266,1
1719,381152,0
1720,564860,0
1721,225836,1
1722,268706,1
1723,543699,0
1724,517952,0
1725,20698,1
1726,488715,1
1727,263032,1
1728,23207,1
1729,18393,1
1730,259826,1
1731,392446,0
1732,270167,1
1733,256162,1
1734,467827,0
1735,216607,1
1736,541586,0
1737,89652,1
1738,99458,1
1739,253057,1
1740,503795,0
1741,554161,1
1742,439792,0
1743,307613,0
1744,245722,1
1745,266195,1
1746,596342,0
1747,390724,0
1748,45773,1
1749,164054,1
1750,264912,1
1751,433867,0
1752,76280,1
1753,130187,0
1754,494265,1
1755,513111,0
1756,586094,0
1757,432808,0
1758,333487,0
1759,266238,1
1760,259406,1
1761,21685,1
1762,455477,1
1763,329880,1
1764,92582,1
1765,230340,1
1766,382885,0
1767,581048,0
1768,263668,1
1769,496129,0
1770,533506,0
1771,256684,1
1772,216550,1
1773,225197,1
1774,533300,0
1775,69085,0
1776,372864,1
1777,20705,1
1778,217700,1
1779,426335,0
1780,439969,0
1781,253141,1
1782,216580,1
1783,415710,0
1784,10039,1
1785,280494,0
1786,276709,1
1787,262422,1
1788,99578,0
1789,470536,0
1790,250146,1
1791,223764,1
1792,250178,1
1793,495525,0
1794,218960,1
1795,259301,1
1796,167851,1
1797,22538,1
1798,261014,1
1799,278220,1
1800,190667,0
1801,343675,0
1802,349146,1
1803,560148,0
1804,264881,1
1805,478603,0
1806,339876,0
1807,223898,1
1808,217332,1
1809,16120,1
1810,195644,0
1811,263902,1
1812,139783,0
1813,303322,1
1814,488920,1
1815,549614,1
1816,514409,0
1817,494380,1
1818,252165,1
1819,23305,1
1820,266415,1
1821,508352,1
1822,18150,1
1823,483643,1
1824,22910,1
1825,316323,0
1826,201564,0
1827,225342,1
1828,251110,1
1829,275622,1
1830,374472,0
1831,268379,1
1832,53249,0
1833,492358,1
1834,213613,1
1835,451702,0
1836,548884,0
1837,217603,1
1838,222291,1
1839,513663,1
1840,412195,1
1841,264158,1
1842,594299,0
1843,67316,1
1844,28818,0
1845,21337,1
1846,74140,1
1847,249721,1
1848,221970,1
1849,264908,1
1850,213049,1
1851,229185,1
1852,260947,1
1853,350686,1
1854,345872,0
1855,271309,1
1856,493716,0
1857,488483,1
1858,22502,1
1859,254811,1
1860,549890,0
1861,493993,1
1862,175547,0
1863,7304,0
1864,250937,1
1865,148014,1
1866,215170,1
1867,257898,1
1868,505844,0
1869,81774,1
1870,572634,1
1871,183307,1
1872,263009,1
1873,166098,1
1874,226373,1
1875,21615,1
1876,121061,1
1877,20993,1
1878,242597,0
1879,254535,1
1880,222455,1
1881,276146,1
1882,23462,1
1883,540162,0
1884,218374,1
1885,271156,1
1886,71263,0
1887,271294,1
1888,49742,0
1889,264033,1
1890,334012,0
1891,222247,1
1892,214265,1
1893,212784,1
1894,538978,0
1895,83808,1
1896,15362,1
1897,222062,1
1898,261118,1
1899,223185,1
1900,228160,1
1901,383704,0
1902,249557,1
1903,494405,1
1904,260920,1
1905,3508,0
1906,33293,0
1907,381136,0
1908,14700,1
1909,42970,0
1910,257716,1
1911,94163,1
1912,505635,1
1913,149117,1
1914,536588,0
1915,217027,1
1916,67281,0
1917,275705,1
1918,271977,1
1919,226013,1
1920,20433,1
1921,132727,1
1922,470067,1
1923,254815,1
1924,260876,1
1925,254042,1
1926,251106,1
1927,214174,1
1928,289159,0
1929,66611,0
1930,224021,1
1931,195323,1
1932,76002,1
1933,262956,1
1934,270347,1
1935,296297,0
1936,503869,0
1937,270657,1
1938,327503,0
1939,282563,1
1940,19245,1
1941,487254,1
1942,367216,1
1943,55583,1
1944,21845,1
1945,350778,1
1946,23610,1
1947,271666,1
1948,42294,0
1949,252015,1
1950,36422,1
1951,56121,1
1952,15529,1
1953,254310,1
1954,223511,1
1955,231248,1
1956,217513,1
1957,225235,1
1958,20246,1
1959,138815,0
1960,225987,1
1961,276546,1
1962,217690,1
1963,466161,0
1964,270927,1
1965,259333,1
1966,492272,1
1967,129841,0
1968,315780,0
1969,192659,1
1970,39327,1
1971,257857,1
1972,221941,1
1973,487258,1
1974,29001,1
1975,551083,1
1976,449116,0
1977,249643,1
1978,558347,0
1979,465610,0
1980,500436,1
1981,390394,0
1982,227526,1
1983,495971,1
1984,249278,1
1985,30643,0
1986,263653,1
1987,19577,1
1988,270616,1
1989,259838,1
1990,541310,0
1991,329316,0
1992,223474,1
1993,212131,0
1994,121162,1
1995,334363,0
1996,491261,1
1997,603412,0
1998,253116,1
1999,231358,1
2000,365769,1
2001,375294,0
2002,303495,1
2003,265861,1
2004,339,1
2005,257112,1
2006,222038,1
2007,76992,0
2008,257519,1
2009,166285,1
2010,214811,1
2011,259783,1
2012,541797,1
2013,421853,1
2014,276696,1
2015,275886,1
2016,264851,1
2017,257686,1
2018,256632,1
2019,256704,1
2020,535817,1
2021,274825,1
2022,221938,1
2023,494324,1
2024,221633,1
2025,374930,0
2026,492274,1
2027,268483,1
2028,226569,1
2029,276660,1
2030,250811,1
2031,262046,0
2032,228029,1
2033,225646,1
2034,249651,1
2035,260624,1
2036,606920,0
2037,214015,1
2038,305460,1
2039,270761,1
2040,266333,1
2041,273581,0
2042,488464,1
2043,96947,1
2044,434745,0
2045,491305,1
2046,229676,1
2047,123574,0
2048,29964,0
2049,156674,0
2050,391585,0
2051,257552,1
2052,276554,1
2053,22531,1
2054,289919,0
2055,5106,0
2056,222878,1
2057,68182,0
2058,374271,0
2059,528073,0
2060,501037,0
2061,473709,1
2062,600053,0
2063,11842,1
2064,2704,0
2065,505223,0
2066,486327,1
2067,396456,0
2068,378099,0
2069,216943,1
2070,19771,1
2071,494479,1
2072,72693,0
2073,549786,1
2074,579586,0
2075,364749,0
2076,510758,0
2077,267169,1
2078,247606,1
2079,218475,1
2080,176362,0
2081,563202,1
2082,362447,0
2083,543693,0
2084,321802,1
2085,528415,1
2086,466151,0
2087,253040,1
2088,249158,1
2089,392891,1
2090,256691,1
2091,291370,0
2092,266169,1
2093,488548,0
2094,225448,1
2095,537643,1
2096,377480,1
2097,250027,1
2098,352274,0
2099,460702,1
2100,277715,1
2101,335480,0
2102,123624,0
2103,321650,1
2104,229998,1
2105,256416,1
2106,503073,1
2107,226,0
2108,259552,1
2109,298384,0
2110,4211,0
2111,254847,1
2112,18102,1
2113,254722,1
2114,9332,1
2115,278357,1
2116,305391,0
2117,58266,1
2118,22282,1
2119,96270,1
2120,210894,0
2121,21824,1
2122,275587,1
2123,219013,0
2124,125288,0
2125,23188,1
2126,23170,1
2127,582423,0
2128,264244,1
2129,258267,1
2130,381164,0
2131,137676,1
2132,23559,1
2133,57612,1
2134,10120,1
2135,146367,0
2136,248417,1
2137,234556,1
2138,461323,0
2139,267544,1
2140,223516,1
2141,385974,1
2142,216742,1
2143,526899,1
2144,275787,1
2145,67486,0
2146,488734,1
2147,228315,1
2148,529899,1
2149,225515,1
2150,292678,1
2151,30523,1
2152,443946,0
2153,267165,1
2154,380339,1
2155,270485,1
2156,250654,1
2157,342082,1
2158,271688,1
2159,439482,0
2160,218586,1
2161,531294,0
2162,226835,1
2163,493534,0
2164,500488,0
2165,68201,1
2166,72310,1
2167,85747,1
2168,162897,1
2169,218122,1
2170,85170,1
2171,586049,0
2172,23293,1
2173,227123,1
2174,107496,0
2175,274209,1
2176,20688,1
2177,239557,1
2178,584777,0
2179,1533,0
2180,265807,1
2181,128916,1
2182,289118,1
2183,138628,0
2184,214535,1
2185,128474,1
2186,217772,1
2187,105888,0
2188,496860,1
2189,177906,0
2190,261120,1
2191,235004,0
2192,310520,1
2193,488444,1
2194,106872,1
2195,217110,1
2196,519334,0
2197,21283,1
2198,83763,1
2199,248401,1
2200,606585,0
2201,54092,0
2202,203288,1
2203,23861,1
2204,50597,0
2205,214305,1
2206,499099,1
2207,494213,1
2208,579257,0
2209,282432,0
2210,252941,1
2211,249376,1
2212,262971,1
2213,274002,1
2214,265890,1
2215,176360,0
2216,304116,0
2217,22912,1
2218,20367,1
2219,43709,0
2220,137975,0
2221,317222,0
2222,69082,0
2223,217469,1
2224,408055,0
2225,253066,1
2226,269771,1
2227,19051,1
2228,10552,1
2229,275669,1
2230,496009,1
2231,158173,0
2232,257109,1
2233,137675,1
2234,137581,1
2235,473421,1
2236,28679,1
2237,261138,1
2238,552607,0
2239,243227,0
2240,468434,0
2241,211394,0
2242,40818,1
2243,263483,1
2244,21143,1
2245,573585,0
2246,372172,1
2247,269606,1
2248,16025,1
2249,492376,1
2250,18269,1
2251,21000,1
2252,308285,1
2253,508969,0
2254,258103,1
2255,154760,0
2256,573331,0
2257,253695,1
2258,571044,1
2259,547714,0
2260,485021,0
2261,118075,0
2262,343910,1
2263,206334,1
2264,399667,0
2265,524198,0
2266,254652,1
2267,218504,1
2268,256551,1
2269,22319,1
2270,542363,0
2271,575997,0
2272,298203,1
2273,256349,1
2274,267945,1
2275,225361,1
2276,503895,1
2277,474127,0
2278,257923,1
2279,313177,0
2280,540134,0
2281,22747,1
2282,154341,0
2283,225841,1
2284,492179,1
2285,212713,1
2286,303454,1
2287,391080,0
2288,260319,1
2289,264996,1
2290,228031,1
2291,5677,0
2292,21454,1
2293,576001,0
2294,544663,0
2295,30103,0
2296,304973,1
2297,23086,1
2298,270293,1
2299,225505,1
2300,444023,1
2301,204097,1
2302,222443,1
2303,400001,0
2304,215814,1
2305,488887,1
2306,23743,1
2307,22490,1
2308,179847,1
2309,515970,1
2310,483083,1
2311,324357,1
2312,130,0
2313,487851,0
2314,183228,1
2315,431813,1
2316,607046,0
2317,494088,1
2318,222801,1
2319,267431,1
2320,222076,1
2321,225699,1
2322,277793,1
2323,407600,0
2324,509065,1
2325,242738,1
2326,264497,1
2327,264673,1
2328,53482,1
2329,274273,1
2330,187428,1
2331,536125,0
2332,347306,0
2333,46940,1
2334,250898,1
2335,264729,1
2336,286727,0
2337,224228,1
2338,295872,0
2339,399258,0
2340,493829,1
2341,421367,0
2342,355977,0
2343,259472,1
2344,512620,0
2345,360623,0
2346,230879,1
2347,492403,1
2348,477121,1
2349,488561,0
2350,251282,1
2351,22217,1
2352,264452,1
2353,20382,1
2354,516931,1
2355,260828,1
2356,521868,0
2357,14362,1
2358,21194,1
2359,483262,1
2360,190968,1
2361,609946,0
2362,254935,1
2363,16122,1
2364,439824,1
2365,270762,1
2366,436801,1
2367,98175,0
2368,101804,0
2369,69514,1
2370,255832,1
2371,421345,0
2372,4794,1
2373,430537,0
2374,471798,1
2375,211802,1
2376,257667,1
2377,18144,1
2378,217407,1
2379,553166,1
2380,399634,0
2381,258000,1
2382,229568,1
2383,485246,0
2384,139927,1
2385,226798,1
2386,284849,0
2387,270660,1
2388,8609,1
2389,216949,1
2390,146363,1
2391,488879,1
2392,275734,1
2393,268298,1
2394,19981,1
2395,14654,1
2396,226148,1
2397,497185,1
2398,249596,1
2399,263038,1
2400,488647,1
2401,305560,0
2402,348602,1
2403,423210,1
2404,21772,1
2405,270331,1
2406,135394,1
2407,263545,1
2408,259890,1
2409,257049,1
2410,277741,1
2411,478626,0
2412,363225,0
2413,21393,1
2414,265625,1
2415,255776,0
2416,276800,1
2417,354770,0
2418,22845,1
2419,508952,0
2420,321037,0
2421,263319,1
2422,229835,1
2423,129511,0
2424,18504,1
2425,261747,0
2426,492341,1
2427,29653,0
2428,223632,1
2429,249096,1
2430,224125,1
2431,155698,1
2432,466004,0
2433,227162,1
2434,218137,1
2435,5152,1
2436,501717,0
2437,579894,0
2438,532445,0
2439,261615,0
2440,16085,1
2441,67306,0
2442,248400,1
2443,223519,1
2444,250868,1
2445,553169,1
2446,276167,1
2447,277664,1
2448,260802,1
2449,17754,1
2450,225933,1
2451,255834,1
2452,334013,0
2453,264038,1
2454,468018,0
2455,20843,1
2456,493896,1
2457,257862,1
2458,276295,1
2459,509885,0
2460,579701,0
2461,511643,0
2462,146427,1
2463,225644,1
2464,275732,1
2465,261080,1
2466,96309,1
2467,268661,1
2468,562136,1
2469,247502,1
2470,355990,1
2471,304942,0
2472,190408,0
2473,129667,1
2474,513332,1
2475,234107,1
2476,555328,0
2477,224934,1
2478,20531,1
2479,253947,1
2480,267571,1
2481,260298,1
2482,44824,0
2483,213210,1
2484,255961,1
2485,31400,0
2486,18170,1
2487,582447,0
2488,74219,1
2489,214306,1
2490,535995,0
2491,22325,1
2492,253593,1
2493,187952,0
2494,321582,1
2495,214043,1
2496,364027,1
2497,496843,0
2498,486660,1
2499,248530,1
2500,265438,1
2501,268074,1
2502,500997,1
2503,217369,1
2504,268595,1
2505,584418,0
2506,250871,1
2507,217099,1
2508,198088,1
2509,257050,1
2510,213559,1
2511,271842,1
2512,270716,1
2513,154547,0
2514,277999,1
2515,375518,1
2516,539977,0
2517,59830,0
2518,251580,1
2519,277922,1
2520,205969,1
2521,344912,1
2522,539048,0
2523,362005,0
2524,222823,1
2525,467559,0
2526,264311,1
2527,20732,1
2528,214643,1
2529,45879,1
2530,316241,0
2531,414282,0
2532,22376,1
2533,501421,0
2534,249450,1
2535,577853,0
2536,605966,0
2537,267633,1
2538,487249,1
2539,264138,1
2540,468430,0
2541,44931,0
2542,101762,1
2543,6570,0
2544,544710,1
2545,212656,1
2546,257934,1
2547,285272,0
2548,262306,1
2549,395251,0
2550,269802,1
2551,20626,1
2552,415034,0
2553,130714,1
2554,30969,1
2555,32316,1
2556,250359,1
2557,270321,1
2558,527649,0
2559,267312,1
2560,277945,1
2561,596879,0
2562,425830,1
2563,278312,1
2564,260510,1
2565,314919,0
2566,22347,1
2567,126965,0
2568,259798,1
2569,19808,1
2570,19159,0
2571,47054,1
2572,225679,1
2573,218671,1
2574,258339,1
2575,561975,1
2576,19539,1
2577,611916,0
2578,258242,1
2579,493800,1
2580,262320,1
2581,247937,0
2582,516262,0
2583,476328,0
2584,21830,1
2585,217574,1
2586,259701,1
2587,15882,1
2588,31060,0
2589,275383,0
2590,488761,1
2591,605989,0
2592,476632,0
2593,222657,1
2594,214369,1
2595,175279,1
2596,264329,1
2597,134265,1
2598,176394,0
2599,392695,1
2600,259591,1
2601,553537,1
2602,203923,0
2603,225364,1
2604,262356,1
2605,253089,1
2606,251496,1
2607,29940,1
2608,225484,1
2609,231617,1
2610,264819,1
2611,249103,1
2612,534221,0
2613,28913,1
2614,585754,0
2615,216598,1
2616,277550,1
2617,334205,0
2618,331016,0
2619,223441,1
2620,225889,1
2621,72722,0
2622,12032,1
2623,72710,0
2624,375860,0
2625,427583,0
2626,187569,1
2627,268616,1
2628,52047,1
2629,413452,1
2630,268803,1
2631,3130,1
2632,323037,0
2633,488883,1
2634,468399,0
2635,253233,1
2636,268592,1
2637,154544,0
2638,304553,1
2639,170185,0
2640,263059,1
2641,543164,0
2642,259010,1
2643,9383,1
2644,215122,1
2645,491770,1
2646,137075,0
2647,23235,1
2648,605628,0
2649,503838,0
2650,394728,1
2651,238313,0
2652,275312,1
2653,109795,0
2654,255018,1
2655,52124,1
2656,257869,1
2657,504339,0
2658,515045,0
2659,217178,1
2660,249636,1
2661,223566,1
2662,269311,1
2663,382274,1
2664,222556,1
2665,494180,1
2666,274337,1
2667,307710,0
2668,254989,1
2669,536012,0
2670,267585,1
2671,494590,1
2672,269832,1
2673,255076,1
2674,589107,0
2675,196111,0
2676,248415,1
2677,258137,1
2678,466084,1
2679,268572,1
2680,484922,0
2681,216466,1
2682,392097,0
2683,222245,1
2684,11169,1
2685,292,0
2686,142473,0
2687,248442,1
2688,194361,1
2689,443828,0
2690,508409,1
2691,256974,1
2692,389932,0
2693,545962,1
2694,275793,1
2695,248551,1
2696,14709,1
2697,491802,1
2698,453539,0
2699,106874,1
2700,492409,1
2701,366652,0
2702,233194,1
2703,20469,1
2704,450057,1
2705,214273,1
2706,280169,1
2707,421845,1
2708,21674,1
2709,612151,0
2710,248787,1
2711,493811,1
2712,44830,0
2713,297580,1
2714,20662,1
2715,498121,1
2716,30539,1
2717,267447,1
2718,266124,1
2719,511524,1
2720,506934,0
2721,581143,0
2722,468412,0
2723,223789,1
2724,21604,1
2725,249050,1
2726,16579,1
2727,275996,1
2728,271606,1
2729,277453,1
2730,218032,1
2731,222751,1
2732,268089,0
2733,130211,0
2734,268599,1
2735,604291,0
2736,237731,1
2737,255111,1
2738,8012,0
2739,221543,1
2740,373044,0
2741,189845,1
2742,399592,1
2743,253649,1
2744,132689,1
2745,534734,1
2746,337620,0
2747,216794,1
2748,267303,1
2749,248501,1
2750,267548,1
2751,466186,0
2752,276041,1
2753,266184,1
2754,19723,1
2755,400012,0
2756,231818,1
2757,400702,0
2758,483249,1
2759,62383,0
2760,261638,0
2761,248380,1
2762,108493,0
2763,475540,1
2764,304576,1
2765,488335,0
2766,408785,1
2767,283805,0
2768,262535,1
2769,64531,0
2770,216956,1
2771,69418,0
2772,137487,1
2773,579903,0
2774,268539,1
2775,559313,0
2776,485062,0
2777,218440,1
2778,280411,0
2779,345616,1
2780,18331,1
2781,280026,1
2782,226904,1
2783,220684,1
2784,262225,1
2785,225847,1
2786,263245,1
2787,385953,0
2788,22562,1
2789,552266,1
2790,248558,1
2791,251746,1
2792,581238,0
2793,375190,0
2794,9904,1
2795,606643,1
2796,493826,1
2797,57311,0
2798,29359,0
2799,266119,1
2800,255275,1
2801,278314,1
2802,12034,1
2803,286229,1
2804,265966,1
2805,228942,1
2806,272506,0
2807,339663,0
2808,275291,1
2809,275191,0
2810,72226,1
2811,190962,0
2812,257324,1
2813,253824,1
2814,262575,1
2815,224227,1
2816,264871,1
2817,40335,1
2818,275847,1
2819,593312,0
2820,505259,1
2821,274045,1
2822,276148,1
2823,248687,1
2824,23132,1
2825,503694,0
2826,23625,1
2827,217367,1
2828,250920,1
2829,254356,1
2830,590289,0
2831,455592,0
2832,326940,0
2833,166228,1
2834,222058,1
2835,394335,1
2836,343905,1
2837,503833,0
2838,595179,0
2839,214185,1
2840,455152,0
2841,494379,1
2842,278341,1
2843,243631,0
2844,251096,1
2845,213994,1
2846,253733,1
2847,216764,1
2848,225642,1
2849,610156,0
2850,28919,1
2851,18172,1
2852,334224,1
2853,492436,1
2854,491848,1
2855,542169,0
2856,68243,0
2857,497383,1
2858,328042,1
2859,137970,1
2860,263376,1
2861,269788,1
2862,21629,1
2863,286358,0
2864,262156,1
2865,272374,0
2866,22202,1
2867,18117,1
2868,223820,1
2869,229703,1
2870,265722,1
2871,352322,0
2872,259877,1
2873,33275,0
2874,558533,0
2875,128087,0
2876,226417,1
2877,198800,0
2878,307443,0
2879,265419,0
2880,273900,1
2881,313216,0
2882,465600,0
2883,519178,0
2884,262300,1
2885,550504,0
2886,573342,0
2887,104913,0
2888,332,0
2889,471851,1
2890,225992,1
2891,223664,1
2892,137807,0
2893,270938,1
2894,363620,1
2895,22348,1
2896,172257,1
2897,401408,0
2898,391902,0
2899,270268,1
2900,500581,0
2901,248472,1
2902,561033,0
2903,596845,0
2904,562308,1
2905,276111,1
2906,231874,1
2907,378480,0
2908,229446,1
2909,486348,0
2910,254650,1
2911,262468,1
2912,225523,1
2913,492238,1
2914,494190,1
2915,77764,0
2916,371842,0
2917,515906,1
2918,265798,1
2919,223587,1
2920,221371,0
2921,29736,1
2922,242654,1
2923,217908,1
2924,135072,1
2925,293619,1
2926,359929,1
2927,15879,1
2928,534660,0
2929,478115,0
2930,227557,1
2931,67321,0
2932,217370,1
2933,21498,1
2934,257028,1
2935,274367,1
2936,277391,1
2937,271894,1
2938,257695,1
2939,503847,0
2940,225997,1
2941,264573,1
2942,139534,0
2943,248659,1
2944,222845,1
2945,223631,1
2946,588643,0
2947,257307,1
2948,40712,0
2949,22388,1
2950,382474,0
2951,503345,0
2952,152347,0
2953,224049,1
2954,21565,1
2955,20436,1
2956,467997,0
2957,233504,1
2958,414707,1
2959,22457,1
2960,322020,1
2961,65009,0
2962,345533,0
2963,225161,1
2964,250522,1
2965,229671,1
2966,536431,1
2967,217863,1
2968,251378,0
2969,84478,0
2970,222902,1
2971,62635,1
2972,552077,0
2973,465935,1
2974,213975,1
2975,315939,0
2976,29941,1
2977,260504,1
2978,45769,1
2979,492209,1
2980,436511,1
2981,325070,1
2982,488471,1
2983,447982,0
2984,223913,1
2985,316331,0
2986,253792,1
2987,467542,0
2988,254661,1
2989,276007,1
2990,535091,0
2991,216796,1
2992,488350,0
2993,217680,1
2994,183120,1
2995,213814,1
2996,224968,1
2997,500070,0
2998,257358,1
2999,214849,1
3000,212718,1
3001,22590,1
3002,271900,1
3003,101469,0
3004,262615,1
3005,48796,0
3006,250883,1
3007,268624,1
3008,443912,0
3009,487661,0
3010,216972,1
3011,94437,1
3012,271040,1
3013,515089,1
3014,488869,1
3015,284479,1
3016,164543,0
3017,250183,1
3018,250828,1
3019,277816,1
3020,264025,1
3021,511607,0
3022,276265,1
3023,269915,1
3024,268740,1
3025,288104,0
3026,571747,0
3027,216771,1
3028,328355,1
3029,254644,1
3030,184482,0
3031,229903,1
3032,572653,0
3033,552424,0
3034,512327,0
3035,486202,0
3036,461253,0
3037,494615,1
3038,220871,0
3039,343901,1
3040,277468,1
3041,350904,1
3042,214137,1
3043,226485,1
3044,239205,0
3045,263072,1
3046,223073,1
3047,272078,1
3048,221858,1
3049,146292,1
3050,40353,1
3051,161258,0
3052,23997,1
3053,22851,1
3054,529301,0
3055,275522,1
3056,261565,0
3057,23108,1
3058,213635,1
3059,257187,1
3060,458212,1
3061,605936,0
3062,85491,1
3063,356131,0
3064,399530,0
3065,550587,1
3066,390361,1
3067,555938,1
3068,42526,1
3069,371895,0
3070,251505,1
3071,225687,1
3072,444029,0
3073,257720,1
3074,223761,1
3075,362432,1
3076,372609,0
3077,404008,0
3078,291398,1
3079,397042,0
3080,460520,0
3081,272215,1
3082,260743,1
3083,286038,1
3084,253837,1
3085,588559,1
3086,515720,1
3087,342596,0
3088,322005,1
3089,107211,0
3090,605492,0
3091,214668,1
3092,250637,1
3093,526853,0
3094,63339,0
3095,253675,1
3096,212827,1
3097,491717,1
3098,494333,1
3099,365235,1
3100,350750,1
3101,20691,1
3102,269917,1
3103,278371,1
3104,494372,1
3105,221952,1
3106,253022,1
3107,24226,1
3108,302775,1
3109,475412,0
3110,275945,1
3111,217686,1
3112,29888,0
3113,353924,0
3114,222637,1
3115,271547,1
3116,223101,1
3117,255409,1
3118,485057,0
3119,605981,0
3120,90022,1
3121,494127,1
3122,265884,1
3123,461432,0
3124,444246,0
3125,314973,0
3126,268231,1
3127,228176,1
3128,388108,0
3129,255143,1
3130,327982,0
3131,264541,1
3132,274554,0
3133,367138,1
3134,608428,0
3135,59099,1
3136,493943,1
3137,264733,1
3138,130208,0
3139,5872,1
3140,586822,0
3141,583741,0
3142,270437,1
3143,128342,1
3144,321500,1
3145,225534,1
3146,122557,0
3147,9166,1
3148,385999,1
3149,333418,1
3150,465636,1
3151,534992,0
3152,111305,0
3153,277849,0
3154,137346,0
3155,254558,1
3156,187994,1
3157,214991,1
3158,504341,0
3159,548255,1
3160,253050,1
3161,252975,1
3162,260900,1
3163,257467,1
3164,216422,1
3165,253755,1
3166,580329,0
3167,250973,1
3168,275461,1
3169,493967,1
3170,478039,0
3171,487200,1
3172,23386,1
3173,348612,1
3174,266149,1
3175,257937,1
3176,487216,1
3177,274939,1
3178,277166,0
3179,412013,1
3180,58617,1
3181,214724,1
3182,207073,0
3183,392283,1
3184,145760,1
3185,96186,0
3186,293564,1
3187,264395,1
3188,271557,1
3189,260306,1
3190,349404,0
3191,184929,1
3192,108003,1
3193,488874,1
3194,483634,1
3195,248568,1
3196,48985,0
3197,279992,0
3198,213023,1
3199,450449,0
3200,20225,1
3201,257649,1
3202,225994,1
3203,83908,0
3204,275058,1
3205,610185,0
3206,254090,1
3207,217189,1
3208,260755,1
3209,277477,1
3210,273027,1
3211,284383,0
3212,160153,0
3213,152847,0
3214,67060,1
3215,366857,0
3216,579787,0
3217,268004,1
3218,519046,1
3219,553785,0
3220,278110,1
3221,465540,0
3222,267242,1
3223,280971,1
3224,267423,1
3225,471689,0
3226,257081,1
3227,46960,0
3228,255041,1
3229,268503,1
3230,275558,1
3231,547440,0
3232,225380,1
3233,253001,1
3234,139478,1
3235,219355,1
3236,279931,0
3237,72482,0
3238,249374,1
3239,496007,1
3240,212711,1
3241,262722,1
3242,226331,1
3243,224007,1
3244,280167,1
3245,381102,0
3246,268444,1
3247,4537,0
3248,264384,1
3249,93853,1
3250,327254,1
3251,453771,1
3252,506306,0
3253,265256,1
3254,274259,1
3255,212915,1
3256,259206,1
3257,260128,1
3258,247605,1
3259,225214,1
3260,214789,1
3261,378436,0
3262,268240,1
3263,472592,0
3264,265643,1
3265,166115,1
3266,257281,1
3267,549761,0
3268,392075,1
3269,270396,1
3270,264427,1
3271,271413,1
3272,403796,1
3273,207578,0
3274,245861,0
3275,483265,1
3276,494399,1
3277,29892,0
3278,216708,1
3279,214225,1
3280,481453,1
3281,428512,0
3282,212457,0
3283,433007,1
3284,218471,1
3285,552422,1
3286,45583,0
3287,256117,1
3288,492158,1
3289,609146,0
3290,51244,0
3291,21729,1
3292,231496,1
3293,407477,0
3294,479388,0
3295,258948,1
3296,569169,0
3297,266138,1
3298,49337,0
3299,403137,0
3300,494209,1
3301,492244,1
3302,532574,0
3303,503717,1
3304,467254,0
3305,258043,1
3306,248711,1
3307,263795,1
3308,225113,1
3309,264773,1
3310,212912,1
3311,608253,0
3312,457286,0
3313,21786,0
3314,261104,1
3315,260973,1
3316,253590,1
3317,346193,0
3318,128895,1
3319,458235,1
3320,278185,1
3321,215168,1
3322,542732,0
3323,466111,0
3324,14789,1
3325,275226,1
3326,552367,0
3327,47007,1
3328,260887,1
3329,350361,1
3330,17731,1
3331,213125,0
3332,252971,1
3333,223906,1
3334,222709,1
3335,500380,1
3336,336875,1
3337,223630,1
3338,483575,1
3339,217543,1
3340,88184,0
3341,21740,1
3342,13657,1
3343,162072,0
3344,218194,1
3345,338435,0
3346,149057,1
3347,11853,1
3348,271837,1
3349,250942,1
3350,316664,1
3351,277517,1
3352,303537,0
3353,15172,1
3354,260196,1
3355,274271,1
3356,593578,0
3357,9959,1
3358,474981,1
3359,223485,1
3360,222969,1
3361,564077,1
3362,229313,0
3363,212675,1
3364,22739,1
3365,239560,1
3366,166222,0
3367,149348,0
3368,503884,0
3369,254795,1
3370,460999,1
3371,606641,0
3372,223962,1
3373,260940,1
3374,85439,0
3375,527818,0
3376,278588,0
3377,249665,1
3378,14699,1
3379,276702,1
3380,533303,0
3381,259574,1
3382,503840,0
3383,19862,1
3384,327757,0
3385,269982,1
3386,458232,1
3387,227100,1
3388,259488,1
3389,118124,0
3390,561989,0
3391,542593,0
3392,500009,0
3393,225035,1
3394,300933,0
3395,508489,0
3396,271461,1
3397,245953,0
3398,149544,0
3399,216412,1
3400,254594,1
3401,2625,1
3402,265878,1
3403,264400,1
3404,360320,1
3405,255806,1
3406,591871,0
3407,275295,1
3408,259842,1
3409,226053,1
3410,243189,0
3411,214649,1
3412,228721,1
3413,23046,1
3414,277966,1
3415,507007,0
3416,444151,1
3417,76103,1
3418,214678,1
3419,266350,1
3420,204407,0
3421,248092,0
3422,225398,1
3423,263621,1
3424,260006,1
3425,108071,1
3426,465695,0
3427,139440,1
3428,249726,1
3429,328431,1
3430,271694,1
3431,458718,0
3432,271179,1
3433,504292,1
3434,274231,1
3435,20844,0
3436,265942,1
3437,513148,0
3438,225000,1
3439,307967,0
3440,607089,0
3441,218431,1
3442,539455,0
3443,17751,1
3444,453665,1
3445,248377,1
3446,75991,0
3447,18195,1
3448,483219,1
3449,225166,1
3450,391863,0
3451,535174,0
3452,14881,1
3453,216341,1
3454,256077,1
3455,428495,0
3456,63383,0
3457,275623,1
3458,153161,0
3459,195400,1
3460,21580,1
3461,128899,1
3462,271135,1
3463,387015,0
3464,273754,0
3465,255037,1
3466,563466,0
3467,492355,1
3468,254167,1
3469,241281,0
3470,322015,0
3471,275688,1
3472,476809,0
3473,29262,0
3474,268061,1
3475,254209,1
3476,260194,1
3477,362027,0
3478,376282,1
3479,18220,1
3480,222451,1
3481,221828,1
3482,216533,1
3483,91211,1
3484,603060,0
3485,271477,1
3486,17879,1
3487,274907,1
3488,224215,1
3489,194260,0
3490,263821,1
3491,498104,1
3492,299448,0
3493,29703,1
3494,253674,1
3495,218134,1
3496,494082,1
3497,259618,1
3498,4118,0
3499,265932,1
3500,156862,0
3501,421969,0
3502,249560,1
3503,226346,1
3504,497104,0
3505,214578,1
3506,491274,1
3507,477125,0
3508,20670,1
3509,222965,1
3510,98505,1
3511,488645,1
3512,245792,1
3513,495414,1
3514,268272,1
3515,488588,0
3516,444141,0
3517,44856,0
3518,18362,1
3519,57645,1
3520,444293,0
3521,272116,1
3522,541374,0
3523,225271,1
3524,571485,0
3525,222019,1
3526,505641,1
3527,270753,1
3528,121345,0
3529,347078,0
3530,277451,1
3531,261112,1
3532,3257,1
3533,531956,0
3534,274297,1
3535,211412,0
3536,519303,0
3537,257189,1
3538,444985,0
3539,223244,1
3540,250653,1
3541,15985,1
3542,275583,1
3543,488497,1
3544,479988,1
3545,493121,1
3546,573896,1
3547,269819,1
3548,271105,1
3549,271780,1
3550,29944,1
3551,223849,1
3552,22644,1
3553,278370,1
3554,403856,1
3555,570277,1
3556,322964,1
3557,214483,1
3558,216471,1
3559,83202,0
3560,410528,0
3561,482410,1
3562,231809,1
3563,280025,0
3564,493860,1
3565,19750,1
3566,599876,0
3567,48640,0
3568,263385,1
3569,384714,1
3570,402368,0
3571,476354,0
3572,443979,1
3573,321580,0
3574,488691,1
3575,365727,1
3576,254605,1
3577,499594,0
3578,585863,0
3579,257523,1
3580,239392,0
3581,264941,1
3582,256747,1
3583,251401,0
3584,215041,1
3585,586761,0
3586,23240,1
3587,333,1
3588,254479,1
3589,271030,1
3590,227598,1
3591,256628,1
3592,260434,1
3593,452065,0
3594,468045,0
3595,237016,1
3596,422467,0
3597,217586,1
3598,264266,1
3599,575959,0
3600,341588,0
3601,267385,1
3602,494431,1
3603,259939,1
3604,400629,0
3605,316293,0
3606,225940,1
3607,256808,1
3608,28993,1
3609,47377,1
3610,591690,0
3611,265310,1
3612,208039,1
3613,71950,1
3614,585782,0
3615,515904,1
3616,494058,1
3617,165659,0
3618,223371,1
3619,267632,1
3620,247407,1
3621,264658,1
3622,212050,0
3623,362463,0
3624,212996,0
3625,427541,1
3626,259220,1
3627,259117,1
3628,504303,1
3629,259190,1
3630,493953,1
3631,19918,1
3632,257034,1
3633,261099,1
3634,533475,0
3635,68315,1
3636,303006,0
3637,545641,1
3638,225055,1
3639,222494,1
3640,221092,0
3641,310701,1
3642,249037,1
3643,214799,1
3644,231599,1
3645,2639,0
3646,554888,0
3647,608821,0
3648,82664,0
3649,138835,0
3650,394636,1
3651,21127,1
3652,256698,1
3653,223339,1
3654,262064,0
3655,260863,1
3656,251437,1
3657,608580,0
3658,212895,1
3659,76009,0
3660,508735,1
3661,256065,1
3662,216548,1
3663,1902,1
3664,393192,0
3665,254922,1
3666,257053,1
3667,218124,1
3668,217230,1
3669,188337,0
3670,258192,1
3671,259145,1
3672,261754,1
3673,345596,1
3674,259968,1
3675,491826,1
3676,222990,1
3677,18489,1
3678,271907,1
3679,280075,0
3680,254843,1
3681,194312,0
3682,220853,0
3683,266095,1
3684,287097,0
3685,476597,0
3686,157504,0
3687,254110,1
3688,534820,0
3689,52177,1
3690,275738,1
3691,272454,0
3692,562955,0
3693,260429,1
3694,512621,1
3695,206560,0
3696,488028,0
3697,23710,1
3698,513195,0
3699,192467,0
3700,217624,1
3701,277885,1
3702,249253,1
3703,504492,1
3704,488299,0
3705,217317,1
3706,543651,0
3707,570260,0
3708,375562,1
3709,205695,1
3710,273994,1
3711,251517,1
3712,135136,1
3713,225575,1
3714,224010,1
3715,253152,1
3716,483202,1
3717,262044,0
3718,268918,1
3719,174933,1
3720,486710,0
3721,216806,1
3722,214711,1
3723,254929,1
3724,302965,0
3725,255925,1
3726,569705,0
3727,536804,1
3728,256104,1
3729,262627,1
3730,264352,1
3731,501536,1
3732,492253,1
3733,284692,0
3734,258997,1
3735,249009,1
3736,154004,1
3737,53763,1
3738,251639,1
3739,260758,1
3740,49232,1
3741,32358,1
3742,372617,0
3743,497470,1
3744,18163,1
3745,23944,1
3746,314723,0
3747,187876,1
3748,500124,1
3749,28642,1
3750,484907,1
3751,473701,1
3752,598889,0
3753,265481,1
3754,275234,1
3755,229469,1
3756,72065,0
3757,300920,0
3758,24033,1
3759,392546,0
3760,316439,1
3761,573022,0
3762,256744,1
3763,243841,0
3764,267185,1
3765,263516,1
3766,265570,1
3767,267997,1
3768,278002,1
3769,264635,1
3770,222434,1
3771,248647,1
3772,221905,1
3773,259621,1
3774,559498,0
3775,443870,0
3776,484667,1
3777,245296,0
3778,282521,1
3779,122197,0
3780,219961,0
3781,387012,0
3782,216953,1
3783,257041,1
3784,456355,0
3785,260486,1
3786,19776,1
3787,491746,1
3788,214562,1
3789,233685,1
3790,214705,1
3791,572004,1
3792,503705,1
3793,362222,0
3794,362284,0
3795,269516,1
3796,256113,1
3797,78918,0
3798,390207,0
3799,196639,0
3800,274181,1
3801,216253,1
3802,277690,1
3803,20526,1
3804,216424,1
3805,254607,1
3806,274287,1
3807,404602,0
3808,366315,0
3809,412026,1
3810,491259,1
3811,461225,0
3812,262281,1
3813,257302,1
3814,244410,0
3815,253967,1
3816,444301,0
3817,369782,1
3818,156215,0
3819,16295,1
3820,581262,0
3821,18753,0
3822,605581,0
3823,23956,1
3824,443973,0
3825,450470,0
3826,491740,1
3827,262874,1
3828,484948,0
3829,454313,1
3830,218353,1
3831,21505,1
3832,264498,1
3833,387868,0
3834,216642,1
3835,14980,1
3836,491248,1
3837,223856,1
3838,453728,1
3839,344610,1
3840,460434,0
3841,182130,0
3842,475417,1
3843,235237,1
3844,571306,1
3845,321687,0
3846,265241,1
3847,250614,1
3848,87891,1
3849,20513,1
3850,258050,1
3851,360790,0
3852,482252,0
3853,422549,1
3854,277961,1
3855,453687,1
3856,218912,0
3857,213809,1
3858,76022,0
3859,527936,0
3860,248561,1
3861,443879,0
3862,488831,1
3863,178380,1
3864,309160,0
3865,45946,0
3866,321150,0
3867,484630,1
3868,122733,0
3869,228629,1
3870,508000,0
3871,403139,0
3872,248099,0
3873,381095,1
3874,248538,1
3875,223834,1
3876,54008,0
3877,492786,0
3878,257289,1
3879,491825,1
3880,222310,1
3881,21184,1
3882,488966,1
3883,211432,0
3884,518982,1
3885,494238,1
3886,122980,0
3887,584018,0
3888,258174,1
3889,268078,1
3890,263083,1
3891,276099,1
3892,179303,1
3893,511808,0
3894,275124,1
3895,257152,1
3896,269991,0
3897,227323,1
3898,578151,1
3899,216923,1
3900,275550,1
3901,91424,1
3902,403295,0
3903,555982,1
3904,339540,1
3905,225334,1
3906,226046,1
3907,200037,0
3908,321392,0
3909,276790,1
3910,222227,1
3911,248934,1
3912,494033,1
3913,270503,1
3914,482560,0
3915,445007,0
3916,388094,1
3917,64554,0
3918,444047,0
3919,256418,1
3920,255109,1
3921,262969,1
3922,503067,0
3923,109133,0
3924,253643,1
3925,488807,1
3926,222957,1
3927,258127,1
3928,275884,1
3929,486469,0
3930,71913,1
3931,99101,0
3932,217236,1
3933,72360,0
3934,273978,1
3935,72281,1
3936,221960,1
3937,29280,1
3938,345965,0
3939,570743,1
3940,41054,0
3941,219360,1
3942,56263,0
3943,263853,1
3944,535680,1
3945,226467,1
3946,263317,1
3947,14244,1
3948,29870,1
3949,345929,0
3950,454047,0
3951,9407,0
3952,225020,1
3953,9302,1
3954,49235,1
3955,214250,1
3956,224043,1
3957,261000,1
3958,62633,1
3959,270249,1
3960,227519,1
3961,21234,1
3962,269342,1
3963,321201,1
3964,15953,1
3965,226135,1
3966,486340,0
3967,499213,1
3968,443890,0
3969,257197,1
3970,431233,0
3971,138493,0
3972,611411,0
3973,107048,1
3974,76886,1
3975,277720,1
3976,223067,1
3977,531996,0
3978,488462,1
3979,619052,0
3980,362828,0
3981,540495,0
3982,249934,1
3983,494214,1
3984,212547,1
3985,256021,1
3986,227997,1
3987,155891,1
3988,282075,1
3989,142634,1
3990,492535,1
3991,330805,0
3992,507990,0
3993,21573,1
3994,266343,1
3995,67337,1
3996,494220,1
3997,255967,1
3998,451972,1
3999,275779,1
4000,554230,1
4001,264256,1
4002,212950,1
4003,223751,1
4004,293384,0
4005,51977,0
